battery_id,cycle,soh,capacity,soh_pred,soh_std
B0005,1,0.9282437104090788,1.8564874208181577,0.983335349953202,0.020653057685483867
B0005,2,0.9231636248599635,1.846327249719927,0.9820926361737192,0.01890155429436276
B0005,3,0.9176745971117038,1.8353491942234077,0.9799414325450129,0.019964990990376977
B0005,4,0.9176312637910564,1.8352625275821128,0.9819650703092496,0.015083830751944432
B0005,5,0.917322754106021,1.834645508212042,0.9845161922671923,0.012896315457857317
B0005,6,0.9178308300337747,1.8356616600675495,0.9874644525802169,0.013945218393126551
B0005,7,0.9175730714613302,1.8351461429226603,0.9814244114911015,0.014671207097306443
B0005,8,0.9128783952832767,1.8257567905665535,0.9650577319937599,0.0180962783133344
B0005,9,0.9123869264945667,1.8247738529891333,0.9626135717317943,0.013749182664513478
B0005,10,0.912306634248468,1.824613268496936,0.9637310005910766,0.011725596379870354
B0005,11,0.9123097763432252,1.8246195526864504,0.9492036587995086,0.009728859209548382
B0005,12,0.9071009678836958,1.8142019357673915,0.9419706101540306,0.016256810181095
B0005,13,0.9068760788774528,1.8137521577549056,0.938496218323995,0.01165050645822511
B0005,14,0.9067202457367912,1.8134404914735824,0.9379093059576242,0.008919532692096213
B0005,15,0.9012990018153252,1.8025980036306504,0.9265836637643614,0.018292292290323937
B0005,16,0.901053450123075,1.80210690024615,0.9205008641811234,0.012411460270551082
B0005,17,0.9012897504131046,1.802579500826209,0.9153878075362339,0.008368939076435185
B0005,18,0.9015341571417048,1.8030683142834096,0.9083637723008932,0.006466093068105512
B0005,19,0.901388812359802,1.802777624719604,0.905311530365592,0.0059961731555038264
B0005,20,0.9235129974664597,1.8470259949329193,0.9719990427511223,0.018675432406903003
B0005,21,0.923708655641822,1.847417311283644,0.9507482723879352,0.0171568250838114
B0005,22,0.9180887106739474,1.8361774213478947,0.9599060043230216,0.01592882288805633
B0005,23,0.912890373788812,1.825780747577624,0.9458771453551109,0.018927825160363326
B0005,24,0.9125568217539184,1.8251136435078368,0.9577333185164137,0.012657209199549426
B0005,25,0.912790752110188,1.825581504220376,0.9290444390860925,0.006400465511606565
B0005,26,0.9070155637541955,1.814031127508391,0.9263884069054034,0.01693485032257877
B0005,27,0.907384597057947,1.814769194115894,0.921753929128699,0.006109174701432613
B0005,28,0.906984694355176,1.813969388710352,0.9198105129005274,0.0048704184590923376
B0005,29,0.9013828325839115,1.802765665167823,0.9204532178646725,0.01426065149747921
B0005,30,0.902038520058676,1.804077040117352,0.9156760359809476,0.005905895246113497
B0005,31,0.9259012758352244,1.8518025516704488,0.9548808902591835,0.01151206218807881
B0005,32,0.9153519228369714,1.8307038456739428,0.9351161106799084,0.012271568539030678
B0005,33,0.9099520544750634,1.8199041089501269,0.9248103892465706,0.014073633432231248
B0005,34,0.9046539818514258,1.8093079637028515,0.918687152018118,0.01619066515362533
B0005,35,0.90230495229026,1.80460990458052,0.9113160726515226,0.009050269428176418
B0005,36,0.8996885325986096,1.7993770651972192,0.9135970124173556,0.015393398380161872
B0005,37,0.8942216167685231,1.7884432335370462,0.906481364888265,0.020468726120496102
B0005,38,0.8914615242126362,1.7829230484252725,0.8981414248744413,0.015280327323985286
B0005,39,0.8865168579009144,1.7730337158018288,0.8939320684075088,0.02104805803120228
B0005,40,0.8865188775394685,1.773037755078937,0.8888191544348111,0.010298301593806186
B0005,41,0.8839360553331027,1.7678721106662054,0.8951861723532916,0.01834338467516392
B0005,42,0.8811575352046545,1.762315070409309,0.892941350282015,0.01975881234695982
B0005,43,0.8838086462469223,1.7676172924938447,0.8887792440083755,0.01901861899443467
B0005,44,0.8813341798715735,1.762668359743147,0.8873688136864832,0.01487208188527914
B0005,45,0.8758652435332072,1.7517304870664143,0.8748760799345169,0.01642424656300626
B0005,46,0.8709248023980004,1.7418496047960008,0.8676888197759481,0.021318060708085368
B0005,47,0.8680456755923569,1.7360913511847138,0.8608656777945611,0.01830702635519966
B0005,48,0.8968120074286804,1.7936240148573608,0.9049000456694849,0.029447145762005904
B0005,49,0.8915945111636638,1.7831890223273277,0.9105703260334849,0.02811921136162531
B0005,50,0.8836821038139479,1.7673642076278957,0.8981513271445658,0.02421845849671088
B0005,51,0.8785088925176533,1.7570177850353066,0.8886068725617742,0.017740270692093607
B0005,52,0.8734353089918954,1.7468706179837907,0.8770099467126838,0.020053905104912673
B0005,53,0.8708586253728572,1.7417172507457144,0.8759425037713765,0.015112762253219614
B0005,54,0.8682112528239093,1.7364225056478186,0.884042150901564,0.017278697919267876
B0005,55,0.8631608619617913,1.7263217239235826,0.8722681819505295,0.01733623907577751
B0005,56,0.8579032694665066,1.7158065389330133,0.8637622828553843,0.021338507620352148
B0005,57,0.855266675567596,1.710533351135192,0.857743917634494,0.01909999097339097
B0005,58,0.8530072498242605,1.706014499648521,0.863539279737079,0.01943366490663425
B0005,59,0.8501555136321294,1.7003110272642588,0.8661635775128027,0.022588963236257486
B0005,60,0.8472899300898948,1.6945798601797897,0.8640220212222479,0.0184493129676604
B0005,61,0.8424514543304643,1.6849029086609286,0.8522660787843377,0.021806547521292765
B0005,62,0.8372370795579858,1.6744741591159715,0.8470223908339337,0.025970978416512424
B0005,63,0.8372846239939551,1.6745692479879102,0.8511112717244991,0.020106110665117694
B0005,64,0.8318581879907025,1.663716375981405,0.8424911218735753,0.02536294688245342
B0005,65,0.829506934374123,1.659013868748246,0.8492300645732316,0.027149885880377454
B0005,66,0.8269270286667507,1.6538540573335014,0.8453881710390824,0.020544485049089466
B0005,67,0.8213268910650655,1.642653782130131,0.8350243981539807,0.02655918022537029
B0005,68,0.8189289215111849,1.6378578430223698,0.8334409664844801,0.022702951574892397
B0005,69,0.8163675203549554,1.6327350407099108,0.8351592730984456,0.023779571606235003
B0005,70,0.8138764457766808,1.6277528915533617,0.8349392356649433,0.021152480638566333
B0005,71,0.8110627427605795,1.622125485521159,0.8315326150551515,0.019832106445147497
B0005,72,0.8056628301882924,1.6113256603765849,0.8257766499790126,0.027967084131888864
B0005,73,0.8032815698744192,1.6065631397488385,0.8250328525642909,0.02413867358871588
B0005,74,0.8007571116958797,1.6015142233917594,0.8241018039353475,0.020900622308181703
B0005,75,0.795184615700164,1.590369231400328,0.814641854807239,0.028338163197673946
B0005,76,0.7928944984121106,1.5857889968242211,0.8160071156749517,0.02398878788195988
B0005,77,0.7924715353687058,1.5849430707374117,0.8142154568445117,0.020183970588223472
B0005,78,0.7977631946247968,1.5955263892495937,0.8274116964762058,0.025978090882590715
B0005,79,0.7873650873900518,1.5747301747801037,0.8049317133780356,0.026400844426169075
B0005,80,0.7824509975468973,1.5649019950937946,0.7956688735921363,0.02535064150158837
B0005,81,0.7798829736685181,1.5597659473370362,0.7998750440764,0.0239777023971226
B0005,82,0.7797407834092117,1.5594815668184234,0.8143019295548495,0.021828249388678733
B0005,83,0.777344676795305,1.55468935359061,0.8164041384597346,0.024540198133100672
B0005,84,0.7744370539945209,1.5488741079890418,0.816613424069877,0.02075831553778768
B0005,85,0.769118299471279,1.538236598942558,0.8011486878158327,0.0237731576642395
B0005,86,0.763957129125514,1.527914258251028,0.7891108100479828,0.02572896490250755
B0005,87,0.7642626314878223,1.5285252629756445,0.8005388420162165,0.021322520788932403
B0005,88,0.761323662642189,1.522647325284378,0.8024960081898094,0.02931958090212902
B0005,89,0.7587429969244934,1.5174859938489869,0.8004889754074646,0.029739470003754008
B0005,90,0.8029094495653295,1.605818899130659,0.8510718817642323,0.024769908366179847
B0005,91,0.7819245723372212,1.5638491446744425,0.8345074952459358,0.023691718283925085
B0005,92,0.7740457623883893,1.5480915247767786,0.8292098328520412,0.023921201182704577
B0005,93,0.7661877815934296,1.5323755631868592,0.8119497818271979,0.03168308746566057
B0005,94,0.7634764134244852,1.5269528268489705,0.813339371418715,0.022656868959640655
B0005,95,0.7584786508568163,1.5169573017136326,0.8031780707630911,0.02712164219189033
B0005,96,0.7559487980071345,1.511897596014269,0.803778742562614,0.024928369698340308
B0005,97,0.7532819480340552,1.5065638960681105,0.8035018524177506,0.025327596662368623
B0005,98,0.7507726763335681,1.5015453526671363,0.804141211769679,0.022833107248794476
B0005,99,0.7454222025200119,1.4908444050400238,0.7920822881629908,0.03129780922781727
B0005,100,0.7429341922806005,1.485868384561201,0.7928750914790413,0.03113108102367202
B0005,101,0.740206838988053,1.480413677976106,0.7905357798576278,0.030043826045815902
B0005,102,0.7376047934515816,1.4752095869031632,0.7874885064850206,0.029791976663186948
B0005,103,0.7429517994152012,1.4859035988304024,0.796065833800497,0.0231100336373162
B0005,104,0.7480459149068348,1.4960918298136696,0.8115621075487627,0.028245022518286568
B0005,105,0.7404002973464492,1.4808005946928984,0.8033726515778548,0.025849056457984965
B0005,106,0.7348771634233412,1.4697543268466824,0.7937285282607364,0.02875358660636934
B0005,107,0.7269506137422964,1.4539012274845928,0.7799129684649782,0.027174530037362744
B0005,108,0.7270731033617845,1.454146206723569,0.7826995159746291,0.030176021652118114
B0005,109,0.7275118759533415,1.455023751906683,0.792293490624347,0.024485920897111366
B0005,110,0.724521081880618,1.449042163761236,0.7913783299794904,0.025994921036334575
B0005,111,0.7193354685740283,1.4386709371480566,0.777399998563973,0.03179623221773783
B0005,112,0.7167227160784895,1.433445432156979,0.7722699416716422,0.03065216681716698
B0005,113,0.7166979450419048,1.4333958900838095,0.7814753515468242,0.025538448439745
B0005,114,0.71403243672388,1.42806487344776,0.7790289707879647,0.03140485838785927
B0005,115,0.7114601590870593,1.4229203181741186,0.774134514108155,0.030772361804786652
B0005,116,0.708714516365654,1.417429032731308,0.7693758733122902,0.02782985891164905
B0005,117,0.706204614397223,1.412409228794446,0.7636440005764686,0.026321891567844008
B0005,118,0.7062893964700965,1.412578792940193,0.7707569690123707,0.0235592766086155
B0005,119,0.7037991865734948,1.4075983731469897,0.769207379593052,0.03186715027720312
B0005,120,0.7166960242610738,1.4333920485221476,0.773976587299562,0.029117624843115985
B0005,121,0.7191275088396454,1.4382550176792908,0.7859689315724824,0.028416479403459437
B0005,122,0.7086773587242763,1.4173547174485526,0.768267460119869,0.032603079945612234
B0005,123,0.7034908318388216,1.406981663677643,0.7597967561954556,0.03188668012915354
B0005,124,0.7006018891793812,1.4012037783587623,0.7553526129626094,0.029131520767417634
B0005,125,0.6983504116363164,1.3967008232726328,0.7551806100947548,0.027482280533327276
B0005,126,0.695642394426363,1.391284788852726,0.7480807430584706,0.027565614483733146
B0005,127,0.6931143838989174,1.3862287677978349,0.7472331881054229,0.026135128853374504
B0005,128,0.6902183380987069,1.3804366761974138,0.7436225185536993,0.026743049331584865
B0005,129,0.6876182075128112,1.3752364150256224,0.7389589450497958,0.028827015166503208
B0005,130,0.6852564012447504,1.3705128024895008,0.7359297494589019,0.02541182514400299
B0005,131,0.68525427831352,1.37050855662704,0.7369104117247921,0.022424506559813498
B0005,132,0.6823677554340759,1.3647355108681518,0.7337910721845469,0.024086691582031267
B0005,133,0.687696008447881,1.375392016895762,0.7425814357688235,0.030577839298491317
B0005,134,0.6930557575767696,1.3861115151535393,0.7514326604473555,0.03286342438568768
B0005,135,0.684925001791947,1.369850003583894,0.7438348848981599,0.032709699274232104
B0005,136,0.6823913974630379,1.3647827949260758,0.7376699028257576,0.0242417832084994
B0005,137,0.6771610233129982,1.3543220466259964,0.7287409917481356,0.03168330330502919
B0005,138,0.6773208509189481,1.3546417018378962,0.7336431956478933,0.02930688870560969
B0005,139,0.6773519606596204,1.354703921319241,0.7365507493848121,0.025365156440785762
B0005,140,0.674657498751729,1.349314997503458,0.7288708507797501,0.02459464866519707
B0005,141,0.6720945968985277,1.3441891937970554,0.7194392345732726,0.021866917214325834
B0005,142,0.6694956895347878,1.3389913790695755,0.7161071177903964,0.022610629362643898
B0005,143,0.6694572615103486,1.3389145230206971,0.7204991337367861,0.023333240394165317
B0005,144,0.6670033379880828,1.3340066759761655,0.7179547088003922,0.027543401632341268
B0005,145,0.6643222154587457,1.3286444309174914,0.7121126417524858,0.024212339618604896
B0005,146,0.661585449613811,1.323170899227622,0.7045266029028976,0.025628438427020537
B0005,147,0.6590845794222598,1.3181691588445197,0.7042027255838248,0.029269317561297137
B0005,148,0.6592332218320167,1.3184664436640334,0.7088530324175171,0.02999734023253641
B0005,149,0.659146520051351,1.318293040102702,0.7026844878189415,0.02449827621029346
B0005,150,0.661936211122134,1.323872422244268,0.6998343011378173,0.02891086905041896
B0005,151,0.6800608383277392,1.3601216766554785,0.7192381534352885,0.02441798192053329
B0005,152,0.6697653433973677,1.3395306867947354,0.7123863297987602,0.029847330203621472
B0005,153,0.6645143282560348,1.3290286565120697,0.7075700560024323,0.03274929048037957
B0005,154,0.6618370637499478,1.3236741274998955,0.7049734947358047,0.03185676688283847
B0005,155,0.6593169483766465,1.318633896753293,0.6995027209849588,0.03000698327761194
B0005,156,0.6567375660662136,1.3134751321324272,0.6995404296541281,0.03241046642530669
B0005,157,0.6566010317221102,1.3132020634442203,0.6924238941922899,0.027231225703440724
B0005,158,0.6538979973472177,1.3077959946944353,0.692065477383328,0.029488781440412365
B0005,159,0.6515164593202959,1.3030329186405918,0.6907817771361939,0.03272679896944499
B0005,160,0.6516786779519101,1.3033573559038203,0.687179619409241,0.027827289554688512
B0005,161,0.6517050219327821,1.3034100438655642,0.680275427650969,0.022947043208193994
B0005,162,0.6489435403247853,1.2978870806495706,0.6839320160495208,0.02901952469370607
B0005,163,0.6490367528459451,1.2980735056918902,0.6770172294444807,0.023141510121642086
B0005,164,0.6467318069221215,1.293463613844243,0.678256306102748,0.028234128353115562
B0005,165,0.644001696309559,1.288003392619118,0.6816629233261982,0.032795187933612246
B0005,166,0.6437262610689704,1.2874525221379407,0.6780903712851551,0.03020400464783022
B0005,167,0.6545076821153677,1.3090153642307354,0.691250234951275,0.034738150728785964
B0005,168,0.6625396643214678,1.3250793286429356,0.6953050296682829,0.029231387820884303
B0006,1,1.017668795502799,2.035337591005598,0.9368748319561873,0.009325744722696361
B0006,2,1.0125701230157058,2.0251402460314116,0.9376062742067849,0.010154925684531368
B0006,3,1.006663185672732,2.013326371345464,0.9431725038367318,0.011155449694251945
B0006,4,1.0066423327703706,2.0132846655407413,0.946921729824922,0.011030625595355047
B0006,5,1.0002641688123854,2.000528337624771,0.949294796441127,0.008928815820058902
B0006,6,1.0069495379965823,2.0138990759931645,0.9498097727592726,0.012292253837582433
B0006,7,1.0065505528134835,2.013101105626967,0.9491882171591893,0.01078371769733822
B0006,8,0.98439491313642,1.96878982627284,0.9507309551754047,0.008766044333034226
B0006,9,0.9840830882167122,1.9681661764334244,0.9521731268899895,0.00853632251354933
B0006,10,0.9786153958780268,1.9572307917560536,0.9508247200028084,0.005510902299668809
B0006,11,0.9727995757064676,1.9455991514129352,0.9538381782473637,0.0067948080111622945
B0006,12,0.9673752522420566,1.9347505044841131,0.9441375390886807,0.006681131810172741
B0006,13,0.9616399769684014,1.9232799539368028,0.9409390167852703,0.006339718871721686
B0006,14,0.9559449654742435,1.911889930948487,0.9423144562321178,0.005248461422899947
B0006,15,0.9505333570989652,1.9010667141979305,0.9349568673386202,0.0029427392061355247
B0006,16,0.9445994974030728,1.8891989948061456,0.9294115735635436,0.003215305684260009
B0006,17,0.9391391861244245,1.878278372248849,0.9301672477742563,0.004115731226656795
B0006,18,0.9337848580760104,1.8675697161520208,0.9196071963800376,0.0031315741677797643
B0006,19,0.9337946287226884,1.8675892574453767,0.9149171653181865,0.0027226511777924236
B0006,20,0.989813274125409,1.979626548250818,0.9664153938018878,0.006696995706721257
B0006,21,0.9787749540442012,1.9575499080884025,0.9625431304694926,0.008114486195283656
B0006,22,0.9729075085393776,1.9458150170787551,0.9584948538172692,0.0047502356294811835
B0006,23,0.9621230560840048,1.9242461121680097,0.956960436371273,0.006420263790361402
B0006,24,0.972990566571082,1.945981133142164,0.9602236514082997,0.007775456653934686
B0006,25,0.9507039652765396,1.901407930553079,0.9394482096226712,0.006235528730468619
B0006,26,0.9393371068400425,1.878674213680085,0.9253604626396993,0.004069498740241977
B0006,27,0.934153066413211,1.868306132826422,0.9210054943299649,0.0034624578319282615
B0006,28,0.92801220350415,1.8560244070083,0.9132469617119721,0.002809755288694598
B0006,29,0.9225998980927888,1.8451997961855775,0.9042704625017701,0.002795933347203722
B0006,30,0.9286144454426585,1.857228890885317,0.9110139920116305,0.0029149133553000167
B0006,31,0.9623880444545319,1.9247760889090637,0.9512974468834936,0.007322637811907097
B0006,32,0.9411158763046276,1.8822317526092551,0.9262601785371279,0.003941502558009089
B0006,33,0.9276383439427935,1.855276687885587,0.9065494696570322,0.003486265308957942
B0006,34,0.9196254458590938,1.8392508917181876,0.8973057079796738,0.003162626351721275
B0006,35,0.9092698036997214,1.8185396073994429,0.8839841442317792,0.0029348839122292684
B0006,36,0.9067385029783528,1.8134770059567056,0.8801202343498253,0.0029871130681926655
B0006,37,0.8985509225152718,1.7971018450305436,0.8746660406198796,0.0028299019560836447
B0006,38,0.8905023147060238,1.7810046294120476,0.8638315050785242,0.0029218032169072423
B0006,39,0.8855065211341164,1.7710130422682329,0.8587571474383062,0.0030832169604706203
B0006,40,0.8802356224085472,1.7604712448170945,0.8532155422240698,0.003082272725143002
B0006,41,0.8751456894003294,1.7502913788006589,0.8510897067672932,0.004317339975721583
B0006,42,0.8697462518866289,1.7394925037732578,0.8439541371721772,0.005489532337979597
B0006,43,0.8773383276818602,1.7546766553637203,0.854385454171233,0.0062835850321126315
B0006,44,0.8829695470921088,1.7659390941842177,0.849757469515769,0.0034198071507982883
B0006,45,0.8668943709812419,1.7337887419624838,0.8383096257373024,0.0036835541747143375
B0006,46,0.856662956020367,1.713325912040734,0.8285727423171545,0.004217094436216156
B0006,47,0.8512038906836733,1.7024077813673466,0.82242047654594,0.004867407136076945
B0006,48,0.911859730890915,1.82371946178183,0.8899322223459738,0.010588991835360214
B0006,49,0.9040642025157354,1.8081284050314708,0.8775312446488858,0.007972027675506622
B0006,50,0.8878805472517142,1.7757610945034283,0.8505611858704485,0.005692138325103679
B0006,51,0.8723704920918399,1.7447409841836798,0.8331578645874249,0.0055729205511424315
B0006,52,0.8646035170661865,1.729207034132373,0.8292831853427209,0.005030869201946582
B0006,53,0.8540543276276622,1.7081086552553244,0.8209423133437048,0.006375803395634852
B0006,54,0.8487977118730884,1.6975954237461768,0.8195165507204025,0.008650936257422739
B0006,55,0.8410317262014732,1.6820634524029463,0.8126244348755022,0.008751876671135299
B0006,56,0.8357384161147543,1.6714768322295086,0.806635414380957,0.00938275040425294
B0006,57,0.8303795693523828,1.6607591387047655,0.798910586870459,0.01037643507234042
B0006,58,0.8255605075190345,1.651121015038069,0.796878933685596,0.012965835621906927
B0006,59,0.8200674628095465,1.640134925619093,0.7954760305345866,0.013968109646009102
B0006,60,0.814599970808272,1.629199941616544,0.7912269059655637,0.015019797844289993
B0006,61,0.8044248151480833,1.6088496302961666,0.7821046091723503,0.01493625515234757
B0006,62,0.8017622449484624,1.6035244898969248,0.7772658228644947,0.016996032630160286
B0006,63,0.7994856072013992,1.5989712144027983,0.7756968826470743,0.01815163513922686
B0006,64,0.7938136561787802,1.5876273123575604,0.7687656429354645,0.017200749975021808
B0006,65,0.7914859872343083,1.5829719744686166,0.7704289641574954,0.017423440596766364
B0006,66,0.7835688183567815,1.567137636713563,0.7617479420941029,0.019839124626020253
B0006,67,0.7806723069856941,1.5613446139713882,0.7567196518214685,0.019793293761061644
B0006,68,0.775585594639521,1.551171189279042,0.7529088555406265,0.020106346526149847
B0006,69,0.7703370803147586,1.5406741606295171,0.751451888288352,0.02216292452729932
B0006,70,0.7626569372312216,1.5253138744624433,0.7467220665517518,0.023776943523549393
B0006,71,0.7650785159033714,1.5301570318067428,0.743849619123322,0.02217754364299197
B0006,72,0.7623283417237045,1.524656683447409,0.7423863880123662,0.023585020463654297
B0006,73,0.7572746493327714,1.5145492986655429,0.7395342310856823,0.02277972716504877
B0006,74,0.754695752301041,1.509391504602082,0.7354053536514114,0.023723048297487354
B0006,75,0.7519987166525351,1.5039974333050703,0.7309806706213344,0.024591016579739312
B0006,76,0.7467600959020094,1.4935201918040188,0.73020441836874,0.024613349102321068
B0006,77,0.7438161512248711,1.4876323024497422,0.7284007115209858,0.02697420319458202
B0006,78,0.7651438107200852,1.5302876214401704,0.7345008406429185,0.025067230538282557
B0006,79,0.7520380044180056,1.5040760088360112,0.7238613104089827,0.02447074708634985
B0006,80,0.7443796804365447,1.4887593608730894,0.7191093625518515,0.026338621985028118
B0006,81,0.7391389642773318,1.4782779285546637,0.7189447528050892,0.02613125267959615
B0006,82,0.739229991107842,1.478459982215684,0.7187531369235871,0.02784294133899884
B0006,83,0.7366074224499864,1.473214844899973,0.7156742569626771,0.028104807499978356
B0006,84,0.7337582467533948,1.4675164935067897,0.7148246533150688,0.030046157980411204
B0006,85,0.7258146328760668,1.4516292657521337,0.708513142972251,0.030304861117995727
B0006,86,0.7259618860483588,1.4519237720967175,0.7045298735509109,0.02948767750516493
B0006,87,0.7235742347388872,1.4471484694777743,0.7040929815194714,0.02888300676763254
B0006,88,0.7234269052829942,1.4468538105659885,0.7039894382820695,0.031031473958562573
B0006,89,0.7208370965142339,1.4416741930284678,0.6998789495674952,0.03011989593118704
B0006,90,0.7967933296550064,1.5935866593100128,0.7481473922610823,0.02301896725633576
B0006,91,0.7731951188457818,1.5463902376915637,0.7217625565343044,0.020268169744779962
B0006,92,0.757352795878305,1.51470559175661,0.7158487546064479,0.023543176249060743
B0006,93,0.7494893041667702,1.4989786083335404,0.7112530361858826,0.025096221369780857
B0006,94,0.7415555372705246,1.4831110745410492,0.7056263370700181,0.024428962731884895
B0006,95,0.7364832412734139,1.4729664825468278,0.7030659023457617,0.02639664939311553
B0006,96,0.7313802198049654,1.4627604396099307,0.6987023112360589,0.026091181676638757
B0006,97,0.7259182340531257,1.4518364681062514,0.6987338025926255,0.02820921148856407
B0006,98,0.7234335322015196,1.4468670644030392,0.6956003779773842,0.028588593365404185
B0006,99,0.7206901997138895,1.441380399427779,0.6918835770126721,0.02825123906135718
B0006,100,0.715605372480387,1.431210744960774,0.692042760767125,0.02974565407553138
B0006,101,0.7130123589762858,1.4260247179525716,0.6893939396109406,0.030478758104226344
B0006,102,0.7102438249830975,1.420487649966195,0.6841555507502858,0.028553902064547852
B0006,103,0.7103503115177503,1.4207006230355006,0.6901864489103862,0.032268222278066194
B0006,104,0.7261279021654194,1.452255804330839,0.6919910734340009,0.027963906838683158
B0006,105,0.7157788163862855,1.431557632772571,0.684510738779096,0.029160277842781662
B0006,106,0.7075078755794715,1.415015751158943,0.6842257077804706,0.032837508481917174
B0006,107,0.7048655753258726,1.4097311506517451,0.6726315116056223,0.029708387060955653
B0006,108,0.7024586590646545,1.404917318129309,0.6767225368743962,0.029983161393112558
B0006,109,0.6975821482857815,1.395164296571563,0.673924999911963,0.030071109352484016
B0006,110,0.6972671916307038,1.3945343832614077,0.6733556118188571,0.031807375120559735
B0006,111,0.6946585589656322,1.3893171179312644,0.6712164533202009,0.03278777435420496
B0006,112,0.6919189736163904,1.3838379472327809,0.668493528213646,0.03228781793848049
B0006,113,0.6868407119097562,1.3736814238195123,0.6719509159762654,0.035694249589855724
B0006,114,0.6893029945931838,1.3786059891863676,0.6697863901297083,0.035188087701961634
B0006,115,0.6868800149554287,1.3737600299108574,0.6658417774370576,0.0343643858192571
B0006,116,0.6841290291971356,1.3682580583942712,0.6628709548663783,0.033962081767930676
B0006,117,0.6816512018658752,1.3633024037317505,0.6600598352868629,0.033405687421588774
B0006,118,0.67904830700863,1.35809661401726,0.6572421118399181,0.03222380503370931
B0006,119,0.6766345454997655,1.353269090999531,0.6636294856682856,0.03719765985240864
B0006,120,0.6920802869118744,1.3841605738237488,0.6704894717842411,0.03274537478895187
B0006,121,0.7025733895325736,1.4051467790651473,0.6710992272266472,0.031103434674265025
B0006,122,0.6893595113136765,1.378719022627353,0.6650397477693833,0.032798964495172694
B0006,123,0.6841328891599533,1.3682657783199066,0.6582805748116498,0.02987435966263292
B0006,124,0.6786575648309008,1.3573151296618016,0.6583952174570439,0.03247640803939437
B0006,125,0.6762467319400798,1.3524934638801596,0.6545664462334134,0.03034659104686929
B0006,126,0.6737049575830618,1.3474099151661236,0.6503265898763928,0.03117926055890006
B0006,127,0.6685037565421159,1.3370075130842318,0.6511644506630375,0.03183104512131651
B0006,128,0.6656176483359263,1.3312352966718526,0.6505381556276415,0.03149437687169912
B0006,129,0.6629651890863822,1.3259303781727645,0.6455037523450741,0.029823731533186883
B0006,130,0.6607893719337645,1.321578743867529,0.6468142934644275,0.03229397319300335
B0006,131,0.6606125370330544,1.321225074066109,0.6421764131290403,0.030332961436798915
B0006,132,0.6578242650931341,1.3156485301862682,0.6396507298844148,0.029200713989673267
B0006,133,0.6604512848751194,1.3209025697502388,0.6452405971528818,0.030571127888042098
B0006,134,0.6737164383636953,1.3474328767273906,0.6505976000257265,0.02717073750112217
B0006,135,0.6630064036176808,1.3260128072353616,0.6431637338992082,0.02485281521486232
B0006,136,0.6550593392415532,1.3101186784831065,0.6441380981284883,0.02747018724991162
B0006,137,0.652608101146965,1.30521620229393,0.6399763356681718,0.025271090448374965
B0006,138,0.6502030975677887,1.3004061951355774,0.6442041681591919,0.029407966173588998
B0006,139,0.650117867920558,1.300235735841116,0.638921932669101,0.02792644998150377
B0006,140,0.6447533361240378,1.2895066722480757,0.6412105441353448,0.029354104622055673
B0006,141,0.6396265286923974,1.279253057384795,0.6373503669533644,0.02727295340175714
B0006,142,0.6396039085857309,1.2792078171714618,0.6346659928269486,0.025528228875508343
B0006,143,0.6370183804514615,1.274036760902923,0.6343101808981119,0.02703860267385898
B0006,144,0.6370636961500734,1.2741273923001468,0.6303409865585196,0.026702313234883146
B0006,145,0.631881971322039,1.263763942644078,0.6315473539330851,0.02584698316273167
B0006,146,0.6290686844477617,1.2581373688955233,0.6287588658464087,0.02465068645114022
B0006,147,0.6266299320276505,1.253259864055301,0.6354435015970752,0.027165176965963943
B0006,148,0.6266156657746713,1.2532313315493426,0.6322844683811694,0.027763701756206224
B0006,149,0.6240437480156787,1.2480874960313575,0.6256822739722845,0.025482878265005466
B0006,150,0.6267177142472422,1.2534354284944844,0.6264322451802028,0.02510904841208133
B0006,151,0.644902438663345,1.28980487732669,0.6314158304110471,0.024210312439921767
B0006,152,0.6317701010879418,1.2635402021758837,0.6261609797114284,0.02642618458125848
B0006,153,0.6239880853421426,1.2479761706842851,0.6207079387181286,0.024986571874339697
B0006,154,0.6160601438971667,1.2321202877943334,0.6234234595040309,0.02634736771574381
B0006,155,0.6135568833106767,1.2271137666213534,0.6260450394326952,0.028356342062146253
B0006,156,0.6108698790688678,1.2217397581377356,0.6183324733166046,0.025670054610738506
B0006,157,0.605551339457587,1.211102678915174,0.6207070856501653,0.02748822081989123
B0006,158,0.6028079882565868,1.2056159765131735,0.6214195374525839,0.02765346515623018
B0006,159,0.6004468131358637,1.2008936262717274,0.6202835075777534,0.028304045656436783
B0006,160,0.5952951992779169,1.1905903985558337,0.615813417961684,0.02685754188003616
B0006,161,0.5925896255209705,1.185179251041941,0.6127384206587443,0.026855748961442393
B0006,162,0.5898353409072312,1.1796706818144624,0.6111168053860511,0.026932923192922963
B0006,163,0.5872976418376958,1.1745952836753917,0.6153359705890171,0.027879332405618344
B0006,164,0.576909165798125,1.15381833159625,0.6076553688633083,0.02607868865155682
B0006,165,0.5822004778686132,1.1644009557372264,0.606255324459429,0.02642562688810082
B0006,166,0.5793987473958034,1.1587974947916069,0.6162186904009199,0.02967624048922327
B0006,167,0.5874874417384586,1.1749748834769171,0.6097112695586564,0.024653857033267654
B0006,168,0.5928376163964678,1.1856752327929356,0.6243082749662339,0.02666205223395436
B0007,1,0.945526147695395,1.89105229539079,0.8651901461511773,0.0828975817020978
B0007,2,0.9403185138434295,1.880637027686859,0.888511640536155,0.07619761997329232
B0007,3,0.9403313358505694,1.8806626717011388,0.8687362647034591,0.08382835515313077
B0007,4,0.9403854504916722,1.8807709009833444,0.841944514227398,0.09202565288311411
B0007,5,0.9397254364142528,1.8794508728285055,0.8326149081132983,0.09457020255091755
B0007,6,0.9403501758558702,1.8807003517117404,0.940205335040226,0.05184967971911865
B0007,7,0.9399676261783038,1.8799352523566075,0.9210235294722967,0.06313196916746112
B0007,8,0.9407544062019398,1.8815088124038797,0.9010609689361472,0.06943161966198919
B0007,9,0.9348453935192922,1.8696907870385844,0.8765900406630034,0.07930407865107518
B0007,10,0.9350261900695995,1.870052380139199,0.848480398697526,0.08945064626469393
B0007,11,0.9350221197094288,1.8700442394188577,0.8286952275828217,0.09498777338763453
B0007,12,0.9298259493883182,1.8596518987766364,0.8699645135989253,0.08056664738620276
B0007,13,0.9295373280431104,1.8590746560862208,0.8793643055066381,0.07597066267556915
B0007,14,0.9295042288854616,1.8590084577709232,0.8373229128789326,0.09207828438587036
B0007,15,0.9296811293478524,1.8593622586957048,0.94500556529409,0.02412398576303021
B0007,16,0.9293677725300518,1.8587355450601035,0.9202758695356448,0.044418943646102715
B0007,17,0.9239086456610724,1.847817291322145,0.8750697212419168,0.07489482295496203
B0007,18,0.9242626458068524,1.8485252916137047,0.9412903248744732,0.008906714921585278
B0007,19,0.924189475925017,1.848378951850034,0.9279818744033409,0.031517636434893324
B0007,20,0.9403902718804884,1.8807805437609768,0.847506825310197,0.08993610858926189
B0007,21,0.94073607987218,1.88147215974436,0.8309557618734424,0.09496922613536239
B0007,22,0.9405477156622392,1.8810954313244783,0.9432473961400896,0.04276996183771761
B0007,23,0.9355044824889998,1.8710089649779995,0.8605295747518528,0.08362098244140884
B0007,24,0.9350997575970688,1.8701995151941375,0.8232937601454009,0.09600757590732213
B0007,25,0.9353357681400492,1.8706715362800983,0.9389233507814896,0.02287614706793262
B0007,26,0.9298062322010084,1.8596124644020169,0.8671802291487194,0.07840340720371246
B0007,27,0.930016954859173,1.860033909718346,0.9423770335289169,0.01019336757314272
B0007,28,0.9295826554580384,1.8591653109160768,0.910556478657073,0.0453413408540989
B0007,29,0.9240699089389144,1.8481398178778288,0.859367125355971,0.08092179877458029
B0007,30,0.924600851063082,1.849201702126164,0.9266659624273368,0.02440952314238504
B0007,31,0.9417338718975424,1.8834677437950849,0.9609470193465078,0.007970644120991601
B0007,32,0.9314105558952922,1.8628211117905844,0.9417207348941283,0.01706573953853153
B0007,33,0.926042519826176,1.852085039652352,0.9356050416831043,0.014482044082677567
B0007,34,0.9234752324104354,1.8469504648208708,0.922772891329735,0.026804385169311516
B0007,35,0.918414215584509,1.836828431169018,0.9250193860307875,0.01958374679499061
B0007,36,0.9185809809836138,1.8371619619672277,0.925188689725033,0.026309328687878483
B0007,37,0.9158361291859428,1.8316722583718856,0.9088388168736364,0.03965279308089005
B0007,38,0.9105735475658892,1.8211470951317783,0.9192314976053515,0.019035283427895698
B0007,39,0.9082530457557575,1.816506091511515,0.9122547230043299,0.024774277114126206
B0007,40,0.9056907800752279,1.8113815601504557,0.9148029029748813,0.019620791798816015
B0007,41,0.9058028166969792,1.8116056333939583,0.915969397120981,0.02708510476409235
B0007,42,0.9030274477778703,1.8060548955557405,0.9167185779164496,0.02507105743547905
B0007,43,0.9066020913497028,1.8132041826994056,0.9118573027262876,0.02745219643812237
B0007,44,0.9031320969141768,1.8062641938283537,0.9087156491601283,0.02635366180925469
B0007,45,0.8979155124950229,1.7958310249900458,0.8962321395697036,0.03306578764258793
B0007,46,0.8929426300195226,1.7858852600390451,0.9000396571757734,0.021766469656319013
B0007,47,0.8901634302251376,1.780326860450275,0.8941330633745762,0.025768510609742983
B0007,48,0.9075378449787788,1.8150756899575575,0.9208714071727815,0.04203579031860569
B0007,49,0.907851257742292,1.815702515484584,0.9285073635955639,0.03157506614731809
B0007,50,0.9001216089028335,1.800243217805667,0.9209501788587017,0.02324553177769983
B0007,51,0.8952238102804654,1.7904476205609308,0.9122551667175149,0.025123416794161763
B0007,52,0.890171516150066,1.780343032300132,0.9063833908004904,0.02097304008155361
B0007,53,0.887664384798406,1.775328769596812,0.8990148272467045,0.031585626145724334
B0007,54,0.8851314867366425,1.770262973473285,0.8983634256108072,0.035947933654433446
B0007,55,0.880040530927102,1.760081061854204,0.8957300429149198,0.02416589833673061
B0007,56,0.8748237967688445,1.749647593537689,0.8748844634609014,0.05156165251644752
B0007,57,0.8748250375296555,1.749650075059311,0.8774770918742814,0.04334594194608767
B0007,58,0.8725143696073415,1.745028739214683,0.8744152231137932,0.048691490062459375
B0007,59,0.8698228727643365,1.739645745528673,0.8802196845980246,0.04111959179992395
B0007,60,0.8642821138858982,1.7285642277717963,0.8618985307708785,0.05883927943849863
B0007,61,0.861950162294209,1.723900324588418,0.8719610831165353,0.03115252606884423
B0007,62,0.8569894388242596,1.7139788776485192,0.8543606660968986,0.05729297296324243
B0007,63,0.8569850998502306,1.7139701997004613,0.8663469634265643,0.03682890476515792
B0007,64,0.8518260586819383,1.7036521173638766,0.8489874960573447,0.059272973353840415
B0007,65,0.8520068737191243,1.7040137474382486,0.8584371417133259,0.048923896133325775
B0007,66,0.8467858078671516,1.6935716157343033,0.8581867245255725,0.028570959513097217
B0007,67,0.8438288681938828,1.6876577363877656,0.851892629678785,0.030634355674283728
B0007,68,0.8415372178291576,1.6830744356583152,0.8484100606331857,0.030767542141926202
B0007,69,0.8389635071012741,1.6779270142025482,0.8484648902351126,0.029756090410381988
B0007,70,0.8366030137983086,1.6732060275966172,0.8448290039853463,0.03349662019716156
B0007,71,0.8337183604126994,1.6674367208253988,0.8402688456424284,0.03229936828137027
B0007,72,0.8311331315333763,1.6622662630667526,0.8394739757677012,0.03095666637033383
B0007,73,0.8287121532881532,1.6574243065763063,0.8348272043890761,0.0380133350985582
B0007,74,0.826269342464367,1.652538684928734,0.8305058739675255,0.04154922248437092
B0007,75,0.8236087313786661,1.6472174627573322,0.8273339887282346,0.036895264366240355
B0007,76,0.8182068405449036,1.6364136810898071,0.8237791130609535,0.04578210206549369
B0007,77,0.8181277156024248,1.6362554312048496,0.8219388195227382,0.0426917366408319
B0007,78,0.820559589609192,1.641119179218384,0.82443574339586,0.05240301556839981
B0007,79,0.8157850394828483,1.6315700789656966,0.8171604572235415,0.03217592592806296
B0007,80,0.810606641493618,1.621213282987236,0.810519136115257,0.04802461507251546
B0007,81,0.8082136607381061,1.6164273214762122,0.8123355045052653,0.040542458285014356
B0007,82,0.8079117550809605,1.615823510161921,0.8107696729158984,0.05367893600427231
B0007,83,0.808362090148945,1.61672418029789,0.8147225743047466,0.042188484815275686
B0007,84,0.8054327931865013,1.6108655863730026,0.8134293938284627,0.038344511005927076
B0007,85,0.8003301687154688,1.6006603374309376,0.8019245958751468,0.049720404163324586
B0007,86,0.7979587243502833,1.5959174487005665,0.7937172080472916,0.06460444621885526
B0007,87,0.7981089759731121,1.5962179519462243,0.8017394351688921,0.034617140128771026
B0007,88,0.7979032557316986,1.5958065114633972,0.8022531822541522,0.043949445345903504
B0007,89,0.7953253910740352,1.5906507821480704,0.7903108063715814,0.07157839880894494
B0007,90,0.8444105580927753,1.6888211161855506,0.8299243478620724,0.059503112738337194
B0007,91,0.8129969139866602,1.6259938279733204,0.810723317520345,0.05949317471113008
B0007,92,0.8078716931406449,1.6157433862812898,0.8007070171944418,0.06871372863415744
B0007,93,0.8028313382423269,1.6056626764846538,0.798786767948877,0.06500767577135727
B0007,94,0.7974873460762174,1.5949746921524348,0.8016494266821762,0.04722787393389982
B0007,95,0.7952051219435972,1.5904102438871943,0.7950538151152825,0.05563456875590962
B0007,96,0.7926758531494089,1.5853517062988178,0.7934309683885608,0.05307471473030506
B0007,97,0.7899868573621188,1.5799737147242376,0.7932770495224477,0.04962177358055812
B0007,98,0.7876092732639034,1.5752185465278068,0.7908875964049054,0.048483762350526254
B0007,99,0.784899242324434,1.569798484648868,0.7879997375045553,0.04729180858885901
B0007,100,0.7851282687975178,1.5702565375950357,0.79095863893891,0.038186079149066195
B0007,101,0.782624936954719,1.565249873909438,0.7789524699288939,0.06908230494939864
B0007,102,0.7798169667805736,1.559633933561147,0.7789919189483784,0.05790658764172286
B0007,103,0.7824910266696052,1.5649820533392105,0.7802907458993116,0.05715104910963548
B0007,104,0.787489749921135,1.57497949984227,0.7825036833548356,0.06957061694266546
B0007,105,0.7826405584390229,1.5652811168780458,0.7759814779169864,0.07528431443133876
B0007,106,0.779877748735063,1.559755497470126,0.7825578100783214,0.04472914781359548
B0007,107,0.7749488428352495,1.549897685670499,0.7694688176592382,0.07263820230053945
B0007,108,0.771938576567251,1.543877153134502,0.7744040574270183,0.046318549239764584
B0007,109,0.7725093744345036,1.5450187488690073,0.7689844152669855,0.0661366145079983
B0007,110,0.7722970077051454,1.5445940154102908,0.7722204592624939,0.05012159475315793
B0007,111,0.7671543360879438,1.5343086721758876,0.7658289779523746,0.055521549689642596
B0007,112,0.7643801971479242,1.5287603942958483,0.7634911035627463,0.051152941951703765
B0007,113,0.7644630124589922,1.5289260249179843,0.7621912785494602,0.06111223305595965
B0007,114,0.7645458250665615,1.529091650133123,0.7616195891013747,0.0780942894853502
B0007,115,0.7619529662330624,1.5239059324661248,0.7591532301641826,0.07200992655420806
B0007,116,0.7593337709550309,1.5186675419100617,0.7562305889371465,0.06313963394785467
B0007,117,0.7568241133213476,1.5136482266426952,0.753994662692518,0.060739461629740116
B0007,118,0.7568025092614517,1.5136050185229033,0.7536664130174842,0.06669350890961245
B0007,119,0.7569735307433982,1.5139470614867965,0.7541456848676,0.07463091082178729
B0007,120,0.7669799596579393,1.5339599193158786,0.7584466489473782,0.07418791591663369
B0007,121,0.7695686399326549,1.5391372798653098,0.7651637542324096,0.04794961604985896
B0007,122,0.7618123986419368,1.5236247972838737,0.7569134883592549,0.0708480822394301
B0007,123,0.7567906517794574,1.5135813035589147,0.7524350038624664,0.052953751912673125
B0007,124,0.7538925374923957,1.5077850749847914,0.7490607192810903,0.049403198916610415
B0007,125,0.7515980338018666,1.5031960676037333,0.7479010022667747,0.04954593229023317
B0007,126,0.748911029849794,1.497822059699588,0.7431739973412317,0.04260580791879865
B0007,127,0.746424267316758,1.492848534633516,0.7418005073551445,0.04040308586157785
B0007,128,0.746207194933513,1.492414389867026,0.7402890329815737,0.03585897474688887
B0007,129,0.7437413882690405,1.487482776538081,0.7452117776833205,0.06625943336351642
B0007,130,0.7412675743202055,1.482535148640411,0.7386345951139747,0.05314830096260915
B0007,131,0.7413937161114492,1.4827874322228984,0.7338490508260375,0.03785713750849252
B0007,132,0.7384855898875295,1.476971179775059,0.7394624596826628,0.06080907228395085
B0007,133,0.7409507777068638,1.4819015554137276,0.7345865644016927,0.04395627722934569
B0007,134,0.7490683099437412,1.4981366198874824,0.738359706875743,0.04694849908750114
B0007,135,0.7410387607196436,1.4820775214392872,0.7364451226822243,0.053326744686746586
B0007,136,0.7385577656406076,1.4771155312812152,0.7421544925250163,0.07065754285131762
B0007,137,0.7360386391528244,1.4720772783056488,0.7414644619091371,0.07010979215693222
B0007,138,0.736124006828227,1.472248013656454,0.7270897907665566,0.04090983031541327
B0007,139,0.7335053336137332,1.4670106672274663,0.7306583291202007,0.05878831128692211
B0007,140,0.730883624766769,1.461767249533538,0.7270464075879775,0.05219627209360707
B0007,141,0.7283476335244854,1.4566952670489708,0.728927882628738,0.05684424260430993
B0007,142,0.725677486379478,1.451354972758956,0.7230632223859027,0.0446843776097901
B0007,143,0.7258079631286875,1.451615926257375,0.7226956338815563,0.04972303593819941
B0007,144,0.7234080666086842,1.4468161332173683,0.7158303553819065,0.03925879236005566
B0007,145,0.7233785303884392,1.4467570607768785,0.734781358868976,0.07196729854509766
B0007,146,0.7206898740723396,1.4413797481446793,0.7324014189907893,0.0687468941681012
B0007,147,0.7181228126104089,1.4362456252208178,0.7173539322751986,0.04461718914892141
B0007,148,0.7184077076962414,1.4368154153924828,0.7237732361996784,0.06048696261824755
B0007,149,0.7181472572930024,1.4362945145860049,0.7295957269413684,0.07030965346603758
B0007,150,0.7209287657939007,1.4418575315878015,0.7313784592336489,0.06932305871333372
B0007,151,0.7336031742390898,1.4672063484781797,0.718456658049908,0.03790728856786937
B0007,152,0.7259320183924441,1.4518640367848883,0.7282009911737243,0.06575639169648322
B0007,153,0.723568987637425,1.44713797527485,0.7099248976766419,0.034383043546859025
B0007,154,0.7208952932811995,1.441790586562399,0.7089926440340765,0.034910568386427476
B0007,155,0.7158154739555554,1.431630947911111,0.7079076079989057,0.03709434016310837
B0007,156,0.7159042124836843,1.4318084249673686,0.7304177042855837,0.07240880809772791
B0007,157,0.7131281292553434,1.4262562585106868,0.7081536668486096,0.04374251867030011
B0007,158,0.7130438764462456,1.4260877528924911,0.7009755562071349,0.03284501925558215
B0007,159,0.7106316755015847,1.4212633510031694,0.7199245637327581,0.0638191868359347
B0007,160,0.7081636374397554,1.4163272748795108,0.699293639800526,0.0369891029976323
B0007,161,0.7082890914587997,1.4165781829175994,0.7246620381897967,0.07207194615992399
B0007,162,0.7054200864712588,1.4108401729425175,0.6970993104790348,0.040672464260709563
B0007,163,0.7054974814173902,1.4109949628347804,0.7200208978034739,0.06864844116888791
B0007,164,0.70308571451994,1.40617142903988,0.6977710358394976,0.0443200336383121
B0007,165,0.7031679239846461,1.4063358479692922,0.7177350447305985,0.06890989837977494
B0007,166,0.7002276199533257,1.4004552399066514,0.6903381352165159,0.04003529853539386
B0007,167,0.7108932523027577,1.4217865046055154,0.7158147297585893,0.06918248378947862
B0007,168,0.7162276360312717,1.4324552720625434,0.6958246119985522,0.04691877019015519
B0018,1,0.9275022603955408,1.8550045207910817,0.9046736607694607,0.009413632230999495
B0018,2,0.9215977658544994,1.8431955317089987,0.9150829032029449,0.007329873680024904
B0018,3,0.9198009212177712,1.8396018424355425,0.9203932349079109,0.009053421834654638
B0018,4,0.9153368022481027,1.8306736044962053,0.9223853531899404,0.011682541433534734
B0018,5,0.9163501034709828,1.8327002069419656,0.9205432914876719,0.005362062483980901
B0018,6,0.9142644423023194,1.8285288846046388,0.9181841382856417,0.004980312001612409
B0018,7,0.9106005947848962,1.8212011895697924,0.9154242439543339,0.005623132161214081
B0018,8,0.907585005321664,1.815170010643328,0.9139198885335529,0.007227800666590781
B0018,9,0.9021490260483824,1.8042980520967649,0.9135305207797191,0.007893994862338164
B0018,10,0.9115501151422112,1.8231002302844224,0.9197585863592583,0.007017116170447662
B0018,11,0.9060626760127748,1.8121253520255496,0.9155312059683809,0.005321239054284645
B0018,12,0.9023458191058884,1.8046916382117768,0.9127016114100404,0.0060209460181425
B0018,13,0.8954221748931475,1.790844349786295,0.9159608787505873,0.008267620544324086
B0018,14,0.891735361420963,1.783470722841926,0.915031984837706,0.012049157495536386
B0018,15,0.8904693062655351,1.7809386125310702,0.9103211731781549,0.007657010881945277
B0018,16,0.885604519836349,1.771209039672698,0.9042907726428501,0.005349359520648167
B0018,17,0.8843151998353538,1.7686303996707076,0.9013881351298804,0.005065537355396973
B0018,18,0.8768152400958562,1.7536304801917124,0.9009324099761947,0.006900083187137992
B0018,19,0.8731098708207546,1.7462197416415093,0.9000984566795139,0.010206541591129003
B0018,20,0.8688323668526868,1.7376647337053737,0.8958629562843063,0.015593701765805946
B0018,21,0.8657583367737918,1.7315166735475835,0.8935269251037853,0.020811041804853467
B0018,22,0.8542974947235301,1.7085949894470602,0.8893907145290907,0.015607850147269451
B0018,23,0.8557349785341055,1.711469957068211,0.8871363264720399,0.017980054375791237
B0018,24,0.8537510686636314,1.7075021373272627,0.885291347740182,0.02116789984333682
B0018,25,0.8746191032180114,1.7492382064360228,0.8990746378315908,0.014805501109612073
B0018,26,0.8663848573714978,1.7327697147429957,0.8942142309380026,0.005870864101764753
B0018,27,0.8611156664146188,1.7222313328292376,0.8870656700101108,0.005348052837849941
B0018,28,0.8559231494923645,1.711846298984729,0.8862858530046089,0.005495182548373499
B0018,29,0.8496339175633435,1.699267835126687,0.8855095062507207,0.005847370518425955
B0018,30,0.8470183219621553,1.6940366439243106,0.8813362185131082,0.007045776902915324
B0018,31,0.8409513539384044,1.6819027078768087,0.87681688097035,0.007294110060907892
B0018,32,0.8384885309216843,1.6769770618433686,0.8758170024722606,0.006358492955178202
B0018,33,0.8327614653239468,1.6655229306478936,0.8729084118256037,0.006214098539639045
B0018,34,0.8285962287916042,1.6571924575832084,0.871528976959071,0.006665844829950293
B0018,35,0.8241120777647024,1.6482241555294048,0.8666590826103147,0.007368244786901249
B0018,36,0.8193850748993631,1.6387701497987262,0.8640732210903118,0.008069835142043486
B0018,37,0.8138243453631031,1.6276486907262062,0.8584792594402892,0.008861232139847767
B0018,38,0.81107685113626,1.62215370227252,0.8608838951279825,0.0077198023648845536
B0018,39,0.8070033255233793,1.6140066510467586,0.859189892586137,0.007677639109343277
B0018,40,0.8380258077212313,1.6760516154424625,0.8707003469138263,0.007718862810283307
B0018,41,0.8246503212760995,1.649300642552199,0.8626297962627009,0.007309833236317516
B0018,42,0.816191495929045,1.63238299185809,0.8588220885307277,0.00816218512639346
B0018,43,0.8082079859512888,1.6164159719025777,0.8521547894095812,0.010972437410716712
B0018,44,0.8054514189124689,1.6109028378249377,0.8469939200627569,0.016529320913127553
B0018,45,0.7977319346847828,1.5954638693695655,0.842088399992387,0.017101333608048736
B0018,46,0.863353720042882,1.726707440085764,0.8888895261669483,0.008662292744118425
B0018,47,0.8582836958714876,1.7165673917429751,0.8867816784942713,0.006698257692297112
B0018,48,0.8479117785467424,1.6958235570934848,0.8795666909514152,0.008731221469312501
B0018,49,0.8388891595396278,1.6777783190792557,0.8727002876967481,0.00940853243066219
B0018,50,0.8303293448887096,1.6606586897774192,0.8678566067611043,0.011017900426977926
B0018,51,0.8332054637413733,1.6664109274827466,0.8718689638333097,0.006386386536029594
B0018,52,0.8234168087203902,1.6468336174407805,0.8666691214558813,0.007207624674854874
B0018,53,0.8128819964389976,1.6257639928779952,0.856800918063364,0.009463898455613708
B0018,54,0.8060788705937298,1.6121577411874597,0.8512916766229134,0.01133389562031362
B0018,55,0.8028683411877672,1.6057366823755344,0.8492017924116083,0.011893011139347423
B0018,56,0.8368226574399446,1.673645314879889,0.8630392171283569,0.009172488959732121
B0018,57,0.8202174286174968,1.6404348572349936,0.8582203967680339,0.009419348466341012
B0018,58,0.8066326658711038,1.6132653317422077,0.851293441949499,0.01031843662194336
B0018,59,0.7960482162343139,1.5920964324686278,0.8417274037495461,0.012489830553112318
B0018,60,0.7933005910349412,1.5866011820698824,0.8351717456575516,0.014489280603805037
B0018,61,0.7900383245168126,1.580076649033625,0.8319950430740589,0.016073469154522166
B0018,62,0.7820866476644583,1.5641732953289167,0.8296997578274252,0.01496516671159486
B0018,63,0.777809136096961,1.555618272193922,0.8226047998591622,0.016108669081206194
B0018,64,0.7701022639318698,1.5402045278637395,0.8195391099696285,0.0171564812190788
B0018,65,0.7660806507979931,1.5321613015959863,0.8140443100421177,0.01937919710124048
B0018,66,0.7658116201846707,1.5316232403693415,0.8121180389469035,0.02183654474629032
B0018,67,0.7611297975385989,1.5222595950771978,0.8047228683077494,0.02469228990845908
B0018,68,0.7532633563425642,1.5065267126851285,0.8047234850170223,0.024605761808090792
B0018,69,0.7507109778266463,1.5014219556532926,0.8008591922474537,0.02632482113910033
B0018,70,0.7481767058743228,1.4963534117486457,0.7979185491055173,0.027816464358312955
B0018,71,0.7667131000156211,1.5334262000312422,0.8086237093609067,0.021607450089001286
B0018,72,0.761922633757213,1.523845267514426,0.801239863679275,0.01868775796152482
B0018,73,0.750596049713062,1.501192099426124,0.7969323822209576,0.01903843551007804
B0018,74,0.7462088357251455,1.492417671450291,0.7938341138072449,0.02142610729393887
B0018,75,0.7416619259700615,1.483323851940123,0.790108597145018,0.025444675766050938
B0018,76,0.7403688396147098,1.4807376792294196,0.7871603138998228,0.027291565658943615
B0018,77,0.7367538904951239,1.4735077809902477,0.7803210379055832,0.026696903862152455
B0018,78,0.734009642633305,1.46801928526661,0.7804476866201375,0.023166812653114332
B0018,79,0.729046177855951,1.458092355711902,0.7791798736239454,0.02519481111822239
B0018,80,0.72393304944457,1.44786609888914,0.7757770049684576,0.030072346329998334
B0018,81,0.7263904388770991,1.4527808777541982,0.7772329133309092,0.03473950669521004
B0018,82,0.7212678182246216,1.4425356364492432,0.7696294547672475,0.0340773189449429
B0018,83,0.7196356438601657,1.4392712877203313,0.7656690401804948,0.029732173675460362
B0018,84,0.7143237840944109,1.4286475681888218,0.7650452228631103,0.02687364642864583
B0018,85,0.7124513375002448,1.4249026750004896,0.7600403556497425,0.030035968498447953
B0018,86,0.7349057662262062,1.4698115324524124,0.7771981567837054,0.0273322014390137
B0018,87,0.7262909825525101,1.4525819651050202,0.7701881429927793,0.02705352893005093
B0018,88,0.721417099454397,1.442834198908794,0.7667772377373063,0.03306392220540282
B0018,89,0.7141880294039745,1.428376058807949,0.7668421626547284,0.0353321242392741
B0018,90,0.7077273922185358,1.4154547844370715,0.7611414547200079,0.042533790267800506
B0018,91,0.727288335038854,1.454576670077708,0.7640954912527722,0.0298980922467957
B0018,92,0.7141589774137028,1.4283179548274056,0.7602346191463187,0.02665176691962883
B0018,93,0.7098513441602029,1.4197026883204058,0.7557917777202793,0.025504490203502334
B0018,94,0.7077803315153258,1.4155606630306516,0.7532786484147725,0.025079422649020904
B0018,95,0.702840017709614,1.405680035419228,0.7505267568900861,0.028520379412747796
B0018,96,0.7042230535583068,1.4084461071166137,0.749417745428967,0.029232339488708414
B0018,97,0.6984273891436207,1.3968547782872414,0.7468755870271268,0.02911693352526338
B0018,98,0.6967835185720338,1.3935670371440676,0.7428720290237303,0.031024892889305048
B0018,99,0.6946822146404737,1.3893644292809475,0.7397750329892422,0.02956752666683291
B0018,100,0.6892825707833355,1.378565141566671,0.7379596588021616,0.029971492143447912
B0018,101,0.6924505550428735,1.384901110085747,0.737674517256728,0.0320617290307328
B0018,102,0.6851625907121222,1.3703251814242443,0.7364661628747042,0.029753181087180072
B0018,103,0.6866732192614541,1.3733464385229082,0.7324317308645814,0.029997081790753537
B0018,104,0.6839743642752407,1.3679487285504814,0.7283886651421948,0.02979379897268948
B0018,105,0.6783570543544823,1.3567141087089647,0.7274415944030148,0.028130002723758884
B0018,106,0.7302155104597288,1.4604310209194575,0.7714067963542646,0.04725047975022824
B0018,107,0.7250499468552049,1.4500998937104097,0.7619351029048944,0.03428573444524386
B0018,108,0.7190703450912248,1.4381406901824496,0.7530606773050083,0.027520393448350448
B0018,109,0.7141840990482158,1.4283681980964316,0.7515759085561028,0.03134195347568092
B0018,110,0.7073937258776216,1.4147874517552432,0.7481521868938856,0.0371260754611123
B0018,111,0.706944581696591,1.413889163393182,0.7517376601500133,0.04029806055804442
B0018,112,0.6994665831088612,1.3989331662177225,0.7431812644317224,0.03825960069649016
B0018,113,0.6976661292016988,1.3953322584033976,0.7362319237778968,0.026546457632991058
B0018,114,0.6950230647701225,1.390046129540245,0.7270659871140607,0.01955896581692443
B0018,115,0.6930135727104824,1.3860271454209647,0.7251210913732633,0.025244495145542247
B0018,116,0.6941076300968755,1.388215260193751,0.733133055161559,0.030866700152799895
B0018,117,0.6880913281197248,1.3761826562394497,0.7305876978340407,0.03937217184333352
B0018,118,0.6823584449320081,1.3647168898640163,0.7342341936991865,0.04092400224642226
B0018,119,0.6794927369686792,1.3589854739373584,0.7341669514777839,0.04380328620916427
B0018,120,0.67311543820044,1.34623087640088,0.7349907528029735,0.050109207831501
B0018,121,0.7134213909227322,1.4268427818454643,0.7579407237185716,0.050940587132301096
B0018,122,0.7032240741639832,1.4064481483279665,0.744133897737428,0.04028783559788838
B0018,123,0.6967453746037576,1.3934907492075153,0.7375524632743703,0.03493205691118017
B0018,124,0.6941246756124658,1.3882493512249316,0.7344151864961765,0.04015667423895468
B0018,125,0.6850939169210464,1.3701878338420928,0.7334969186115413,0.041350733485633534
B0018,126,0.689847583280431,1.379695166560862,0.7324488302407244,0.04337407982794316
B0018,127,0.6843293161967842,1.3686586323935683,0.7222429875211952,0.03155745779764594
B0018,128,0.6813685889548219,1.3627371779096438,0.7081142918117708,0.020864977048756658
B0018,129,0.6817025566964036,1.3634051133928071,0.6995873079022065,0.02253036351956149
B0018,130,0.6759323017652616,1.3518646035305233,0.7033232707623959,0.02517598795757716
B0018,131,0.6773984864826311,1.3547969729652622,0.7074611448208821,0.026537950984701533
B0018,132,0.6705257203202425,1.341051440640485,0.7121355925960613,0.03543753171661449
